image_name,label
367.jpg,1
2013.jpg,0
468.jpg,1
4791.jpg,0
522.jpg,1
854.jpg,1
5717.jpg,0
317.jpg,1
621.jpg,1
299.jpg,1
4278.jpg,0
3954.jpg,0
2823.jpg,0
645.jpg,1
564.jpg,1
6488.jpg,0
241.jpg,1
2169.jpg,0
6566.jpg,0
3959.jpg,0
185.jpg,1
656.jpg,1
673.jpg,1
6571.jpg,0
687.jpg,1
3702.jpg,0
307.jpg,1
9.jpg,1
380.jpg,1
2439.jpg,0
2267.jpg,0
67.jpg,1
445.jpg,1
5495.jpg,0
190.jpg,1
2235.jpg,0
295.jpg,1
143.jpg,1
883.jpg,1
609.jpg,1
6011.jpg,0
949.jpg,1
976.jpg,1
566.jpg,1
308.jpg,1
17.jpg,1
196.jpg,1
3359.jpg,0
5372.jpg,0
2994.jpg,0
733.jpg,1
5311.jpg,0
737.jpg,1
5625.jpg,0
396.jpg,1
3750.jpg,0
5444.jpg,0
675.jpg,1
6461.jpg,0
32.jpg,1
6375.jpg,0
3510.jpg,0
605.jpg,1
6533.jpg,0
3752.jpg,0
24.jpg,1
6610.jpg,0
338.jpg,1
734.jpg,1
2660.jpg,0
952.jpg,1
191.jpg,1
5658.jpg,0
2237.jpg,0
217.jpg,1
557.jpg,1
35.jpg,1
6247.jpg,0
451.jpg,1
4225.jpg,0
85.jpg,1
6451.jpg,0
6144.jpg,0
5190.jpg,0
5852.jpg,0
2634.jpg,0
803.jpg,1
724.jpg,1
2211.jpg,0
708.jpg,1
56.jpg,1
132.jpg,1
606.jpg,1
622.jpg,1
742.jpg,1
4174.jpg,0
6251.jpg,0
5969.jpg,0
2864.jpg,0
635.jpg,1
5739.jpg,0
6222.jpg,0
340.jpg,1
2141.jpg,0
639.jpg,1
3721.jpg,0
2762.jpg,0
4681.jpg,0
43.jpg,1
3303.jpg,0
29.jpg,1
6524.jpg,0
5999.jpg,0
603.jpg,1
312.jpg,1
6270.jpg,0
514.jpg,1
6512.jpg,0
201.jpg,1
198.jpg,1
5441.jpg,0
797.jpg,1
589.jpg,1
3261.jpg,0
558.jpg,1
315.jpg,1
106.jpg,1
2614.jpg,0
5296.jpg,0
597.jpg,1
2426.jpg,0
5879.jpg,0
5619.jpg,0
527.jpg,1
4753.jpg,0
4286.jpg,0
897.jpg,1
4317.jpg,0
82.jpg,1
5741.jpg,0
206.jpg,1
5766.jpg,0
573.jpg,1
925.jpg,1
591.jpg,1
6099.jpg,0
449.jpg,1
464.jpg,1
325.jpg,1
155.jpg,1
384.jpg,1
5780.jpg,0
912.jpg,1
448.jpg,1
644.jpg,1
4844.jpg,0
4751.jpg,0
3435.jpg,0
5806.jpg,0
211.jpg,1
3253.jpg,0
15.jpg,1
881.jpg,1
5346.jpg,0
4067.jpg,0
432.jpg,1
3924.jpg,0
3557.jpg,0
4569.jpg,0
935.jpg,1
2158.jpg,0
3516.jpg,0
4967.jpg,0
916.jpg,1
181.jpg,1
3624.jpg,0
5652.jpg,0
456.jpg,1
4167.jpg,0
323.jpg,1
872.jpg,1
4051.jpg,0
180.jpg,1
4393.jpg,0
4290.jpg,0
4235.jpg,0
993.jpg,1
4390.jpg,0
667.jpg,1
4435.jpg,0
751.jpg,1
2535.jpg,0
3772.jpg,0
4701.jpg,0
4131.jpg,0
5967.jpg,0
5608.jpg,0
650.jpg,1
2873.jpg,0
347.jpg,1
271.jpg,1
128.jpg,1
6082.jpg,0
5671.jpg,0
61.jpg,1
4230.jpg,0
4639.jpg,0
545.jpg,1
6259.jpg,0
4519.jpg,0
303.jpg,1
3536.jpg,0
3894.jpg,0
5805.jpg,0
5142.jpg,0
466.jpg,1
2665.jpg,0
76.jpg,1
22.jpg,1
461.jpg,1
310.jpg,1
981.jpg,1
120.jpg,1
490.jpg,1
493.jpg,1
4271.jpg,0
3888.jpg,0
3184.jpg,0
4881.jpg,0
100.jpg,1
72.jpg,1
77.jpg,1
602.jpg,1
4827.jpg,0
5539.jpg,0
447.jpg,1
717.jpg,1
830.jpg,1
6028.jpg,0
6418.jpg,0
6189.jpg,0
5845.jpg,0
592.jpg,1
306.jpg,1
2422.jpg,0
5868.jpg,0
4033.jpg,0
783.jpg,1
2372.jpg,0
403.jpg,1
5345.jpg,0
298.jpg,1
598.jpg,1
769.jpg,1
534.jpg,1
975.jpg,1
2220.jpg,0
134.jpg,1
123.jpg,1
4709.jpg,0
3863.jpg,0
730.jpg,1
239.jpg,1
967.jpg,1
4710.jpg,0
2962.jpg,0
3620.jpg,0
5724.jpg,0
744.jpg,1
195.jpg,1
6364.jpg,0
781.jpg,1
743.jpg,1
676.jpg,1
789.jpg,1
6541.jpg,0
5570.jpg,0
955.jpg,1
297.jpg,1
696.jpg,1
3815.jpg,0
175.jpg,1
768.jpg,1
6408.jpg,0
218.jpg,1
3577.jpg,0
477.jpg,1
3960.jpg,0
4426.jpg,0
4816.jpg,0
4005.jpg,0
6045.jpg,0
245.jpg,1
4279.jpg,0
551.jpg,1
915.jpg,1
843.jpg,1
146.jpg,1
515.jpg,1
688.jpg,1
97.jpg,1
6620.jpg,0
5808.jpg,0
3352.jpg,0
992.jpg,1
2411.jpg,0
2701.jpg,0
4648.jpg,0
987.jpg,1
746.jpg,1
210.jpg,1
359.jpg,1
866.jpg,1
845.jpg,1
504.jpg,1
3792.jpg,0
565.jpg,1
4249.jpg,0
945.jpg,1
593.jpg,1
3248.jpg,0
3486.jpg,0
170.jpg,1
913.jpg,1
19.jpg,1
4385.jpg,0
2949.jpg,0
799.jpg,1
5567.jpg,0
946.jpg,1
2326.jpg,0
943.jpg,1
983.jpg,1
6159.jpg,0
4511.jpg,0
878.jpg,1
4247.jpg,0
885.jpg,1
5730.jpg,0
4491.jpg,0
5809.jpg,0
3282.jpg,0
237.jpg,1
6521.jpg,0
2856.jpg,0
3875.jpg,0
3797.jpg,0
6553.jpg,0
438.jpg,1
649.jpg,1
3020.jpg,0
762.jpg,1
831.jpg,1
5453.jpg,0
314.jpg,1
4745.jpg,0
353.jpg,1
6658.jpg,0
3.jpg,1
98.jpg,1
136.jpg,1
4876.jpg,0
2526.jpg,0
422.jpg,1
6623.jpg,0
3841.jpg,0
5690.jpg,0
171.jpg,1
339.jpg,1
2583.jpg,0
889.jpg,1
4548.jpg,0
4704.jpg,0
706.jpg,1
78.jpg,1
652.jpg,1
2834.jpg,0
5282.jpg,0
228.jpg,1
2200.jpg,0
3633.jpg,0
5521.jpg,0
5782.jpg,0
3092.jpg,0
6410.jpg,0
870.jpg,1
4850.jpg,0
5339.jpg,0
2694.jpg,0
2747.jpg,0
2937.jpg,0
891.jpg,1
6392.jpg,0
651.jpg,1
6499.jpg,0
4025.jpg,0
4068.jpg,0
811.jpg,1
4086.jpg,0
770.jpg,1
4219.jpg,0
150.jpg,1
3631.jpg,0
3341.jpg,0
958.jpg,1
692.jpg,1
2.jpg,1
3425.jpg,0
5559.jpg,0
300.jpg,1
290.jpg,1
5913.jpg,0
5784.jpg,0
233.jpg,1
5854.jpg,0
163.jpg,1
3251.jpg,0
3207.jpg,0
373.jpg,1
2083.jpg,0
26.jpg,1
83.jpg,1
3565.jpg,0
4983.jpg,0
682.jpg,1
2812.jpg,0
2929.jpg,0
2721.jpg,0
280.jpg,1
5297.jpg,0
162.jpg,1
138.jpg,1
5970.jpg,0
2236.jpg,0
5145.jpg,0
2048.jpg,0
291.jpg,1
5572.jpg,0
5686.jpg,0
5622.jpg,0
882.jpg,1
5409.jpg,0
2420.jpg,0
284.jpg,1
640.jpg,1
52.jpg,1
713.jpg,1
1.jpg,1
2488.jpg,0
427.jpg,1
840.jpg,1
5900.jpg,0
5403.jpg,0
721.jpg,1
64.jpg,1
273.jpg,1
6444.jpg,0
11.jpg,1
498.jpg,1
6243.jpg,0
707.jpg,1
3592.jpg,0
5035.jpg,0
5876.jpg,0
4361.jpg,0
4795.jpg,0
646.jpg,1
2510.jpg,0
2888.jpg,0
246.jpg,1
40.jpg,1
3317.jpg,0
223.jpg,1
519.jpg,1
3920.jpg,0
192.jpg,1
486.jpg,1
8.jpg,1
3912.jpg,0
936.jpg,1
5116.jpg,0
951.jpg,1
321.jpg,1
281.jpg,1
4350.jpg,0
6168.jpg,0
2336.jpg,0
998.jpg,1
3998.jpg,0
720.jpg,1
3018.jpg,0
749.jpg,1
837.jpg,1
892.jpg,1
861.jpg,1
6424.jpg,0
4630.jpg,0
2254.jpg,0
809.jpg,1
536.jpg,1
4599.jpg,0
903.jpg,1
3235.jpg,0
990.jpg,1
999.jpg,1
3569.jpg,0
2329.jpg,0
5104.jpg,0
363.jpg,1
2991.jpg,0
5966.jpg,0
984.jpg,1
129.jpg,1
3469.jpg,0
968.jpg,1
5326.jpg,0
867.jpg,1
324.jpg,1
4470.jpg,0
937.jpg,1
2938.jpg,0
54.jpg,1
38.jpg,1
483.jpg,1
4359.jpg,0
4239.jpg,0
698.jpg,1
3840.jpg,0
5907.jpg,0
177.jpg,1
5509.jpg,0
5185.jpg,0
3390.jpg,0
5603.jpg,0
3208.jpg,0
807.jpg,1
5574.jpg,0
2840.jpg,0
7.jpg,1
879.jpg,1
894.jpg,1
6662.jpg,0
207.jpg,1
328.jpg,1
777.jpg,1
471.jpg,1
5105.jpg,0
79.jpg,1
2115.jpg,0
4410.jpg,0
5828.jpg,0
615.jpg,1
2934.jpg,0
732.jpg,1
3242.jpg,0
475.jpg,1
316.jpg,1
838.jpg,1
4011.jpg,0
759.jpg,1
186.jpg,1
69.jpg,1
53.jpg,1
4906.jpg,0
588.jpg,1
419.jpg,1
3045.jpg,0
2765.jpg,0
757.jpg,1
2622.jpg,0
5921.jpg,0
6423.jpg,0
973.jpg,1
823.jpg,1
187.jpg,1
5511.jpg,0
2709.jpg,0
4263.jpg,0
869.jpg,1
41.jpg,1
4316.jpg,0
2446.jpg,0
36.jpg,1
4584.jpg,0
932.jpg,1
74.jpg,1
2112.jpg,0
4340.jpg,0
5952.jpg,0
4784.jpg,0
694.jpg,1
703.jpg,1
5274.jpg,0
6351.jpg,0
2003.jpg,0
345.jpg,1
413.jpg,1
225.jpg,1
610.jpg,1
5482.jpg,0
6135.jpg,0
5849.jpg,0
102.jpg,1
395.jpg,1
149.jpg,1
113.jpg,1
4422.jpg,0
4041.jpg,0
544.jpg,1
254.jpg,1
2940.jpg,0
886.jpg,1
728.jpg,1
2021.jpg,0
686.jpg,1
3217.jpg,0
898.jpg,1
5621.jpg,0
5589.jpg,0
700.jpg,1
387.jpg,1
292.jpg,1
3561.jpg,0
579.jpg,1
476.jpg,1
2979.jpg,0
4139.jpg,0
5155.jpg,0
939.jpg,1
495.jpg,1
148.jpg,1
4460.jpg,0
6506.jpg,0
268.jpg,1
4677.jpg,0
835.jpg,1
160.jpg,1
931.jpg,1
3220.jpg,0
683.jpg,1
994.jpg,1
5021.jpg,0
2988.jpg,0
634.jpg,1
3222.jpg,0
1000.jpg,1
440.jpg,1
2748.jpg,0
846.jpg,1
3111.jpg,0
6083.jpg,0
5485.jpg,0
3297.jpg,0
4712.jpg,0
4116.jpg,0
137.jpg,1
839.jpg,1
3896.jpg,0
224.jpg,1
356.jpg,1
372.jpg,1
3997.jpg,0
248.jpg,1
402.jpg,1
2313.jpg,0
5399.jpg,0
3165.jpg,0
103.jpg,1
6021.jpg,0
562.jpg,1
326.jpg,1
658.jpg,1
3964.jpg,0
583.jpg,1
5586.jpg,0
3440.jpg,0
142.jpg,1
695.jpg,1
2100.jpg,0
5850.jpg,0
3694.jpg,0
884.jpg,1
4723.jpg,0
6232.jpg,0
50.jpg,1
3571.jpg,0
738.jpg,1
2210.jpg,0
653.jpg,1
5194.jpg,0
487.jpg,1
4662.jpg,0
5533.jpg,0
679.jpg,1
4545.jpg,0
5312.jpg,0
84.jpg,1
3489.jpg,0
4329.jpg,0
37.jpg,1
